{"cameraMode":{"drawMode":0,"name":"Shaded","section":"Shading Mode"},"sceneLighting":true,"audioPlay":false,"sceneViewState":{"m_AlwaysRefresh":false,"showFog":true,"showSkybox":true,"showFlares":true,"showImageEffects":true,"showParticleSystems":true,"showVisualEffectGraphs":true,"m_FxEnabled":true},"in2DMode":false,"pivot":{"x":13.685908317565918,"y":37.1116943359375,"z":-46.141029357910159},"rotation":{"x":0.28536710143089297,"y":-0.052009884268045428,"z":0.015484568662941456,"w":0.9569238424301148},"size":2.7026960849761965,"orthographic":true}