{"cameraMode":{"drawMode":0,"name":"Shaded","section":"Shading Mode"},"sceneLighting":false,"audioPlay":false,"sceneViewState":{"m_AlwaysRefresh":false,"showFog":true,"showSkybox":true,"showFlares":true,"showImageEffects":true,"showParticleSystems":true,"showVisualEffectGraphs":true,"m_FxEnabled":true},"in2DMode":false,"pivot":{"x":-5.775601387023926,"y":-21.537460327148439,"z":-0.5842676162719727},"rotation":{"x":0.335586816072464,"y":-0.022618712857365609,"z":0.008037390187382698,"w":0.9417663812637329},"size":34.40717697143555,"orthographic":false}